,City,Lat,Lng,Max Temp,Humidity,Cloudiness,Wind Speed,Country,Date
0,qaanaaq,77.484,-69.3632,-4.92,55,64,10.29,GL,1617619305
1,carnarvon,-24.8667,113.6333,82.4,78,13,13.8,AU,1617619305
2,tasiilaq,65.6145,-37.6368,17.6,86,90,3.44,GL,1617619305
3,thompson,55.7435,-97.8558,37.4,52,90,4.61,CA,1617619305
4,busselton,-33.65,115.3333,66.31,81,0,3.71,AU,1617619403
5,rikitea,-23.1203,-134.9692,77.67,67,1,17.36,PF,1617619054
6,bangsund,64.3968,11.3949,37.0,89,100,24.0,NO,1617619350
7,baykit,61.67,96.37,35.67,97,100,3.24,RU,1617619306
8,paka,4.6374,103.4368,86.0,79,40,6.91,MY,1617619030
9,kapaa,22.0752,-159.319,73.4,68,40,19.57,US,1617619404
10,new norfolk,-42.7826,147.0587,57.99,77,0,2.86,AU,1617619404
11,labuhan,-6.8844,112.2051,81.55,80,85,8.46,ID,1617619405
12,east bethel,45.3194,-93.2025,53.6,43,1,5.75,US,1617619307
13,camacha,33.0833,-16.3333,66.2,59,20,5.75,PT,1617619308
14,yellowknife,62.456,-114.3525,6.01,78,20,10.36,CA,1617618968
15,maine-soroa,13.2114,12.0241,98.55,7,22,15.1,NE,1617619308
16,tiksi,71.6872,128.8694,-16.42,100,29,2.1,RU,1617618897
17,siklos,45.855,18.2975,50.0,40,0,10.36,HU,1617619309
18,nemuro,43.3236,145.575,32.4,70,1,15.9,JP,1617619309
19,ushuaia,-54.8,-68.3,39.2,81,75,20.71,AR,1617618703
20,atuona,-9.8,-139.0333,79.75,82,72,9.33,PF,1617619094
21,nantucket,41.2835,-70.0995,39.99,74,100,20.38,US,1617619309
22,port alfred,-33.5906,26.891,66.79,87,100,12.86,ZA,1617618897
23,puerto ayora,-0.7393,-90.3518,73.99,94,57,1.01,EC,1617618919
24,albany,42.6001,-73.9662,41.0,65,2,11.88,US,1617618840
25,tuktoyaktuk,69.4541,-133.0374,1.78,94,100,21.83,CA,1617618896
26,bukachacha,52.9833,116.9167,24.35,59,80,9.08,RU,1617619310
27,hermanus,-34.4187,19.2345,64.99,90,100,4.0,ZA,1617618899
28,bethel,41.3712,-73.414,42.8,52,1,3.44,US,1617618903
29,uribia,11.7139,-72.266,77.52,76,100,10.4,CO,1617619311
30,chuy,-33.6971,-53.4616,68.81,85,1,10.38,UY,1617619086
31,mar del plata,-38.0023,-57.5575,68.0,100,90,3.83,AR,1617618815
32,la ronge,55.1001,-105.2842,33.8,86,100,9.22,CA,1617619084
33,tulagi,-9.0996,160.1476,83.55,72,68,3.22,SB,1617619311
34,codrington,-38.2667,141.9667,59.47,68,87,9.26,AU,1617618917
35,saldanha,-33.0117,17.9442,73.4,60,25,13.8,ZA,1617619109
36,locri,38.2414,16.2623,59.0,63,90,8.05,IT,1617619312
37,fort nelson,58.8053,-122.7002,35.6,48,75,5.75,CA,1617619312
38,humaita,-7.5061,-63.0208,72.84,93,100,2.06,BR,1617619313
39,nobres,-14.7203,-56.3275,75.13,84,96,2.8,BR,1617619313
40,cidreira,-30.1811,-50.2056,72.36,77,0,13.71,BR,1617618894
41,hithadhoo,-0.6,73.0833,83.98,75,26,15.86,MV,1617619069
42,izumo,35.3667,132.7667,51.8,54,20,18.41,JP,1617619314
43,punta arenas,-53.15,-70.9167,35.6,87,0,9.22,CL,1617618650
44,parana,-31.732,-60.5238,68.0,95,80,6.89,AR,1617619314
45,bluff,-46.6,168.3333,54.0,67,69,5.99,NZ,1617618905
46,vaini,-21.2,-175.2,66.2,100,20,1.14,TO,1617618900
47,pozo colorado,-23.4923,-58.7972,70.5,93,100,5.1,PY,1617619315
48,kaitangata,-46.2817,169.8464,52.0,69,66,4.0,NZ,1617619120
49,lichuan,30.3,108.85,49.35,89,100,2.68,CN,1617619315
50,korla,41.7597,86.1469,61.75,11,83,10.65,CN,1617618895
51,sanchez,19.2281,-69.6137,71.24,92,84,3.49,DO,1617619316
52,bereznik,62.8551,42.7072,39.43,84,100,10.98,RU,1617619316
53,cape town,-33.9258,18.4232,69.8,68,20,21.85,ZA,1617618903
54,manakara,-22.1333,48.0167,82.2,68,17,10.22,MG,1617619316
55,nanortalik,60.1432,-45.2371,37.67,80,100,4.7,GL,1617619113
56,namibe,-15.1961,12.1522,89.6,55,0,23.02,AO,1617619092
57,sao joao da barra,-21.6403,-41.0511,73.4,88,0,4.61,BR,1617619102
58,kaiyuan,23.6977,103.3037,57.54,90,100,0.11,CN,1617619317
59,hobart,-42.8794,147.3294,57.99,77,0,2.51,AU,1617618638
60,port elizabeth,-33.918,25.5701,68.0,77,90,9.22,ZA,1617619103
61,kharp,66.8014,65.8081,31.24,89,40,4.05,RU,1617619318
62,bambous virieux,-20.3428,57.7575,87.8,66,40,16.11,MU,1617619075
63,tixkokob,21.0,-89.4,68.0,77,1,5.75,MX,1617619318
64,barrow,71.2906,-156.7887,-5.8,77,90,5.75,US,1617618922
65,ponta do sol,32.6667,-17.1,62.01,61,100,7.0,PT,1617619071
66,fallon,39.4735,-118.7774,52.0,34,1,8.05,US,1617619319
67,ribeira grande,38.5167,-28.7,62.6,82,20,16.11,PT,1617619319
68,katangli,51.7102,143.2326,20.95,81,2,7.72,RU,1617619319
69,kloulklubed,7.0419,134.2556,83.68,74,99,8.39,PW,1617618910
70,chokurdakh,70.6333,147.9167,-26.61,97,11,2.55,RU,1617619095
71,kruisfontein,-34.0033,24.7314,61.41,90,100,11.25,ZA,1617619104
72,loreto,22.2667,-101.9667,52.65,57,100,4.18,MX,1617619320
73,hoquiam,46.9809,-123.8893,34.0,93,1,2.21,US,1617619320
74,broome,42.2506,-75.833,35.6,75,1,6.91,US,1617619321
75,baruun-urt,46.6806,113.2792,46.06,30,71,8.34,MN,1617619321
76,alihe,50.5667,123.7167,35.2,47,60,5.97,CN,1617619321
77,mataura,-46.1927,168.8643,54.0,67,54,5.99,NZ,1617619132
78,flin flon,54.7682,-101.865,32.4,98,100,5.19,CA,1617619322
79,chitungwiza,-18.0127,31.0756,80.01,37,0,4.0,ZW,1617619322
80,maniwaki,46.3834,-75.966,32.0,86,56,6.91,CA,1617619259
81,dikson,73.5069,80.5464,14.92,88,99,4.85,RU,1617618913
82,santarem,-2.4431,-54.7083,78.8,89,75,10.36,BR,1617619323
83,provideniya,64.3833,-173.3,-0.9,93,98,5.12,RU,1617618917
84,leningradskiy,69.3833,178.4167,-5.69,98,98,3.22,RU,1617619323
85,vila velha,-20.3297,-40.2925,73.99,94,40,3.44,BR,1617619081
86,cherskiy,68.75,161.3,-17.37,100,30,6.24,RU,1617618901
87,victoria,22.2855,114.1577,73.0,80,87,4.0,HK,1617618756
88,methoni,36.8197,21.7049,68.0,64,75,2.55,GR,1617619324
89,virginia beach,36.8529,-75.978,53.01,58,0,12.33,US,1617619324
90,marrakesh,31.6315,-8.0083,66.2,59,0,4.61,MA,1617619174
91,oistins,13.0667,-59.5333,78.8,65,40,14.97,BB,1617619322
92,norman wells,65.282,-126.8329,23.0,63,75,4.61,CA,1617618904
93,kodiak,57.79,-152.4072,32.0,51,1,17.27,US,1617618918
94,saint george,37.1041,-113.5841,59.0,21,1,3.44,US,1617618723
95,bathsheba,13.2167,-59.5167,78.8,65,40,14.97,BB,1617619124
96,half moon bay,37.4636,-122.4286,51.01,76,90,12.66,US,1617619039
97,lebu,-37.6167,-73.65,56.55,81,100,15.68,CL,1617618924
98,westport,41.1415,-73.3579,45.0,57,1,5.75,US,1617619121
99,zhaoyang,42.682,126.0305,55.35,25,93,12.3,CN,1617619326
100,grand gaube,-20.0064,57.6608,84.99,70,13,8.01,MU,1617619088
101,maceio,-9.6658,-35.7353,77.0,94,20,3.44,BR,1617618835
102,solhan,38.9634,41.0293,55.4,47,75,12.66,TR,1617619326
103,bandraboua,-12.7044,45.1223,82.4,78,95,3.44,YT,1617619327
104,salalah,17.0151,54.0924,91.4,55,0,11.5,OM,1617619327
105,bengkulu,-3.8004,102.2655,79.99,81,94,9.35,ID,1617618841
106,hilo,19.7297,-155.09,69.8,88,90,4.61,US,1617618614
107,vestmannaeyjar,63.4427,-20.2734,21.2,49,0,27.63,IS,1617618919
108,juneau,58.3019,-134.4197,39.2,81,90,11.5,US,1617619328
109,raudeberg,61.9875,5.1352,35.01,90,91,39.44,NO,1617619328
110,katsuura,35.1333,140.3,54.0,71,75,13.8,JP,1617619100
111,pavlodar,52.3,76.95,55.4,50,75,20.13,KZ,1617619328
112,taldan,53.6667,124.8,27.59,69,97,10.36,RU,1617619329
113,vanavara,60.34,102.2797,26.67,94,100,6.49,RU,1617619329
114,jamestown,42.097,-79.2353,33.8,80,1,6.91,US,1617618877
115,meulaboh,4.1363,96.1285,82.36,72,98,3.78,ID,1617619094
116,broken hill,-31.95,141.4333,77.0,31,0,10.36,AU,1617619097
117,tessalit,20.1986,1.0114,96.85,3,63,12.93,ML,1617619330
118,acari,-15.4311,-74.6158,71.58,88,83,0.98,PE,1617619330
119,klaksvik,62.2266,-6.589,28.4,69,75,37.98,FO,1617619126
120,santa cruz,-17.8,-63.1667,71.6,88,40,10.36,BO,1617619210
121,longyearbyen,78.2186,15.6401,19.4,68,75,27.63,SJ,1617618926
122,batagay-alyta,67.8006,130.4114,-17.91,98,88,3.76,RU,1617619120
123,port hardy,50.6996,-127.4199,42.8,87,75,8.05,CA,1617619331
124,grindavik,63.8424,-22.4338,21.2,58,75,11.5,IS,1617619087
125,torbay,47.6666,-52.7314,39.0,100,90,11.5,CA,1617618928
126,felipe carrillo puerto,19.5833,-88.05,61.75,86,3,3.36,MX,1617619331
127,beringovskiy,63.05,179.3167,6.57,95,100,8.66,RU,1617618900
128,wilmington,34.2257,-77.9447,52.0,71,1,8.05,US,1617619170
129,airai,-8.9266,125.4092,60.35,90,100,3.29,TL,1617619332
130,las vegas,36.175,-115.1372,75.2,12,1,2.06,US,1617619271
131,rincon,32.296,-81.2354,50.0,81,1,4.54,US,1617619332
132,miraflores,19.2167,-98.8083,46.4,61,90,5.75,MX,1617619333
133,emba,48.8264,58.1442,36.97,91,100,0.36,KZ,1617619333
134,kavieng,-2.5744,150.7967,81.5,75,99,4.18,PG,1617619333
135,bredasdorp,-34.5322,20.0403,64.4,94,100,10.36,ZA,1617619089
136,khani,41.9563,42.9566,69.8,37,90,9.22,GE,1617619334
137,severo-kurilsk,50.6789,156.125,26.8,82,94,11.54,RU,1617619095
138,nobeoka,32.5833,131.6667,53.2,64,0,13.71,JP,1617619334
139,viedma,-40.8135,-62.9967,67.15,58,0,11.56,AR,1617619335
140,castro,-24.7911,-50.0119,58.23,92,100,7.45,BR,1617618901
141,san cristobal,7.7669,-72.225,67.33,83,100,3.09,VE,1617619335
142,butaritari,3.0707,172.7902,82.04,80,48,13.06,KI,1617618894
143,guder,8.9667,37.7667,85.41,19,90,8.3,ET,1617619336
144,chernyshevskiy,63.0128,112.4714,-0.42,93,100,2.89,RU,1617619336
145,kirkwood,38.5834,-90.4068,57.0,59,19,5.82,US,1617619421
146,nikolskoye,59.7035,30.7861,41.0,65,90,17.9,RU,1617618925
147,upernavik,72.7868,-56.1549,-9.62,84,100,9.91,GL,1617619098
148,makakilo city,21.3469,-158.0858,71.6,68,1,9.22,US,1617619422
149,mahebourg,-20.4081,57.7,87.8,66,40,16.11,MU,1617619132
150,ternate,0.8,127.4,82.72,74,80,11.79,ID,1617619422
151,fairhope,30.523,-87.9033,48.99,100,1,2.86,US,1617619422
152,talnakh,69.4865,88.3972,21.11,95,100,12.03,RU,1617618792
153,kasongo-lunda,-6.4667,16.8167,84.45,57,100,4.07,CD,1617619423
154,vostok,46.4856,135.8833,31.73,77,83,6.87,RU,1617619084
155,lingao,19.9103,109.6859,77.85,76,56,16.02,CN,1617619423
156,eyemouth,55.8713,-2.0901,37.99,53,77,11.99,GB,1617619096
157,lompoc,34.6391,-120.4579,48.2,93,73,11.32,US,1617618908
158,atar,20.5169,-13.0499,89.31,11,3,14.07,MR,1617619424
159,lebaksiu,-7.0496,109.1441,76.78,90,96,3.06,ID,1617619424
160,georgetown,5.4112,100.3354,89.6,62,20,5.75,MY,1617618614
161,chumphon,10.3333,98.8333,80.6,89,40,3.44,TH,1617619425
162,tokmak,47.2514,35.7058,47.3,59,100,4.72,UA,1617619425
163,agadez,19.75,10.25,89.53,5,0,3.36,NE,1617619426
164,sarwar,26.0667,75.0,102.54,8,20,17.34,IN,1617619426
165,san quintin,30.4833,-115.95,58.35,87,7,15.52,MX,1617619426
166,panvel,18.9833,73.1,89.6,55,0,13.8,IN,1617619427
167,rorvik,64.8621,11.2373,37.29,55,99,33.46,NO,1617619427
168,touros,-5.1989,-35.4608,77.0,88,40,4.61,BR,1617619427
169,orapa,-21.2833,25.3667,89.28,25,0,2.91,BW,1617619427
170,valparaiso,-33.0393,-71.6273,59.0,82,40,3.44,CL,1617619428
171,avarua,-21.2078,-159.775,80.6,94,75,13.8,CK,1617618904
172,tazovskiy,67.4667,78.7,32.72,99,100,7.54,RU,1617619428
173,sao jose da coroa grande,-8.8978,-35.1478,81.57,72,19,11.1,BR,1617619429
174,tabou,4.423,-7.3528,82.45,78,100,7.7,CI,1617619070
175,shenjiamen,29.9576,122.298,52.47,71,5,11.1,CN,1617619121
176,namatanai,-3.6667,152.4333,80.11,82,100,5.08,PG,1617618899
177,faya,18.3851,42.4509,82.4,13,38,11.5,SA,1617619429
178,saint-philippe,-21.3585,55.7679,87.8,66,20,10.36,RE,1617619075
179,garissa,-0.4536,39.6401,87.91,51,100,6.87,KE,1617619430
180,auki,-8.7676,160.7034,78.73,85,67,1.63,SB,1617619430
181,molina,-35.1167,-71.2833,59.0,77,90,4.61,CL,1617619431
182,oranjestad,12.524,-70.027,79.0,78,20,16.11,AW,1617619161
183,nyurba,63.2842,118.3319,2.07,95,100,2.42,RU,1617619431
184,kollam,8.8833,76.6,89.6,70,20,11.5,IN,1617619431
185,mezhdurechenskiy,59.6,65.9333,33.26,99,100,3.58,RU,1617619432
186,hirtshals,57.5881,9.9592,39.2,48,75,18.41,DK,1617619432
187,marfino,55.7028,37.3822,46.99,45,0,15.66,RU,1617619432
188,vaasa,63.096,21.6158,30.2,100,90,8.05,FI,1617619432
189,elko,41.0002,-115.5012,52.0,38,1,7.36,US,1617619433
190,khatanga,71.9667,102.5,5.85,79,28,12.62,RU,1617618926
191,rabat,33.9911,-6.8401,66.2,72,40,6.91,MA,1617619433
192,sur,22.5667,59.5289,89.74,42,23,7.25,OM,1617619105
193,acapulco,16.8634,-99.8901,74.68,73,15,4.45,MX,1617619434
194,husavik,66.0449,-17.3389,15.8,67,90,11.5,IS,1617619085
195,srednekolymsk,67.45,153.6833,-7.65,98,31,8.48,RU,1617619072
196,anadyr,64.75,177.4833,1.4,66,0,8.95,RU,1617619434
197,trelew,-43.249,-65.3051,58.84,79,53,24.2,AR,1617619435
198,cururupu,-1.8283,-44.8683,79.39,91,100,5.86,BR,1617619435
199,novokayakent,42.3937,47.9861,53.6,82,28,8.95,RU,1617619436
200,brae,60.3964,-1.353,33.8,80,75,28.77,GB,1617619078
201,giyon,8.5333,37.9833,85.73,18,93,13.11,ET,1617619437
202,challapata,-18.9,-66.7667,45.1,71,99,2.51,BO,1617619437
203,hovd,48.0056,91.6419,47.35,14,9,4.99,MN,1617618913
204,irbeyskoye,55.6428,95.4522,38.32,98,100,3.09,RU,1617619437
205,tarrafal,15.2833,-23.7667,82.4,30,0,20.71,CV,1617619438
206,gbadolite,4.2833,21.0167,102.43,25,49,1.97,CD,1617619438
207,kirakira,-10.4544,161.9205,80.73,83,82,2.55,SB,1617619438
208,arraial do cabo,-22.9661,-42.0278,71.6,94,40,3.44,BR,1617618907
209,port macquarie,-31.4333,152.9167,70.0,99,100,6.08,AU,1617619439
210,sainte-rose,16.3324,-61.6979,71.6,94,75,9.84,GP,1617619439
211,paamiut,61.994,-49.6678,34.29,89,100,6.53,GL,1617619110
212,college,64.8569,-147.8028,12.2,62,40,12.66,US,1617619058
213,amazar,53.858,120.875,21.92,65,62,13.18,RU,1617619440
214,xiongyue,40.1774,122.1228,51.46,44,100,15.37,CN,1617619440
215,portland,45.5234,-122.6762,37.99,75,9,1.25,US,1617619314
216,northam,51.0333,-4.2167,46.0,68,100,11.01,GB,1617619441
217,esperance,-33.8667,121.9,71.6,73,94,13.8,AU,1617618922
218,padang,-0.9492,100.3543,84.2,74,20,2.3,ID,1617619441
219,rocha,-34.4833,-54.3333,65.37,94,19,8.84,UY,1617619441
220,oakdale,44.963,-92.9649,54.0,66,1,5.28,US,1617619442
221,lagoa,39.05,-27.9833,59.47,85,95,14.54,PT,1617618898
222,manadhoo,5.7667,73.3833,84.42,66,43,11.03,MV,1617619442
223,kalmunai,7.4167,81.8167,84.2,67,1,11.99,LK,1617619112
224,floro,61.5996,5.0328,32.0,93,90,28.77,NO,1617619443
225,kizner,56.2749,51.508,37.8,78,67,9.89,RU,1617619443
226,seymchan,62.8833,152.4333,5.31,88,100,5.35,RU,1617619444
227,east london,-33.0153,27.9116,68.0,94,90,9.22,ZA,1617618737
228,sesheke,-17.4759,24.2968,87.82,31,0,4.34,ZM,1617619444
229,hami,42.8,93.45,63.12,21,13,5.77,CN,1617619084
230,shelburne,44.0787,-80.2041,36.0,68,98,6.15,CA,1617619445
231,ahuimanu,21.4447,-157.8378,71.6,68,90,11.5,US,1617619445
232,mukhen,48.1,136.1,44.87,47,100,11.14,RU,1617619445
233,port hedland,-20.3167,118.5667,84.2,58,8,4.61,AU,1617619446
234,kishi,9.0833,3.85,101.86,19,31,2.48,NG,1617619446
235,comodoro rivadavia,-45.8667,-67.5,51.8,82,75,2.3,AR,1617619446
236,asau,46.4333,26.4,51.01,33,31,14.85,RO,1617619447
237,lodja,-3.4833,23.4333,83.14,64,95,2.59,CD,1617619447
238,mbanza-ngungu,-5.25,14.8667,83.34,61,93,4.88,CD,1617619447
239,saskylakh,71.9167,114.0833,-8.79,95,3,6.51,RU,1617618916
240,byron bay,-28.65,153.6167,71.6,94,90,13.8,AU,1617619231
241,salta,-24.7859,-65.4117,60.8,100,75,2.3,AR,1617619448
242,geraldton,-28.7667,114.6,73.4,73,1,12.66,AU,1617618843
243,ulaangom,49.9811,92.0667,45.95,25,0,7.31,MN,1617619448
244,melfi,40.9965,15.6514,55.4,44,40,3.44,IT,1617619448
245,luanda,-8.8368,13.2343,84.2,74,75,8.05,AO,1617619449
246,puerto leguizamo,-0.1934,-74.7819,69.89,99,96,1.81,CO,1617619449
247,emerald,-23.5333,148.1667,73.4,88,90,10.36,AU,1617619449
248,dawlatabad,36.4141,64.9053,64.15,35,3,13.22,AF,1617619450
249,tuatapere,-46.1333,167.6833,54.0,67,38,5.99,NZ,1617618898
250,dwarka,22.2394,68.9678,84.61,60,1,13.29,IN,1617619450
251,yenagoa,4.9247,6.2642,92.75,51,42,5.12,NG,1617619451
252,erenhot,43.6475,111.9767,52.84,16,100,6.13,CN,1617619110
253,jacinto city,29.7675,-95.2338,63.0,94,90,9.22,US,1617619451
254,aswan,24.0934,32.907,90.81,7,0,8.19,EG,1617619451
255,constitucion,-35.3333,-72.4167,57.58,84,100,8.14,CL,1617618898
256,omboue,-1.5746,9.2618,87.6,66,99,6.42,GA,1617619452
257,clyde river,70.4692,-68.5914,-13.0,84,75,3.44,CA,1617619452
258,margate,51.3813,1.3862,39.99,72,100,8.99,GB,1617619453
259,kortkeros,61.8106,51.5806,41.0,52,0,11.18,RU,1617619453
260,tura,25.5198,90.2201,90.32,11,0,7.4,IN,1617618907
261,tautira,-17.7333,-149.15,78.8,83,40,2.3,PF,1617619454
262,boguchany,58.3814,97.4531,37.27,97,100,2.84,RU,1617619454
263,sao filipe,14.8961,-24.4956,76.53,62,1,7.29,CV,1617619454
264,kahului,20.8947,-156.47,71.6,88,90,17.27,US,1617618793
265,kaeo,-35.1,173.7833,60.01,90,100,3.47,NZ,1617619078
266,havre-saint-pierre,50.2334,-63.5986,41.0,93,90,9.22,CA,1617619133
267,klyuchi,52.2667,79.1667,45.41,78,100,9.66,RU,1617619455
268,cockburn town,21.4612,-71.1419,72.7,72,98,20.62,TC,1617619455
269,bazpur,29.15,79.1167,102.47,7,91,8.32,IN,1617619456
270,namanga,-2.5433,36.7905,78.71,54,95,4.03,KE,1617619456
271,dzilam gonzalez,21.2833,-88.9333,64.9,87,30,4.99,MX,1617619457
272,roebourne,-20.7833,117.1333,86.2,43,3,8.81,AU,1617619457
273,sisimiut,66.9395,-53.6735,13.89,84,100,1.63,GL,1617619457
274,sakakah,29.9697,40.2064,80.6,9,0,8.05,SA,1617619458
275,karlskoga,59.3267,14.5239,35.6,64,40,17.27,SE,1617619458
276,bandarbeyla,9.4942,50.8122,83.5,59,51,10.58,SO,1617619458
277,manokwari,-0.8667,134.0833,80.44,84,73,10.78,ID,1617619459
278,lewistown,40.5992,-77.5714,37.0,80,1,3.33,US,1617619459
279,contramaestre,20.2978,-76.2414,69.8,73,75,10.36,CU,1617619459
280,barcelos,41.5388,-8.6151,71.01,32,0,5.75,PT,1617619317
281,swellendam,-34.0226,20.4417,64.4,94,100,10.36,ZA,1617619460
282,tsiroanomandidy,-18.7667,46.0333,81.55,56,63,4.0,MG,1617619460
283,gumrak,48.7826,44.3824,41.0,87,75,17.9,RU,1617619461
284,ixtapa,20.7,-105.2,69.01,84,8,2.62,MX,1617619115
285,waikuku,-43.3,172.6833,59.0,67,75,14.97,NZ,1617619461
286,sitka,57.0531,-135.33,39.2,93,90,17.27,US,1617619099
287,zholymbet,51.7433,71.7122,33.8,99,100,15.84,KZ,1617619276
288,conde,-7.2597,-34.9075,78.8,94,40,2.3,BR,1617619462
289,pochutla,15.7432,-96.4661,75.99,67,2,4.0,MX,1617619462
290,mildura,-34.2,142.15,71.6,26,0,3.44,AU,1617618715
291,santander,43.4647,-3.8044,57.2,72,20,3.44,ES,1617619463
292,haines junction,60.7522,-137.5108,30.2,64,76,3.44,CA,1617619463
293,berlevag,70.8578,29.0864,35.6,80,75,23.02,NO,1617619463
294,lorengau,-2.0226,147.2712,81.5,77,87,2.91,PG,1617619106
295,maracacume,-2.0428,-45.9592,77.86,90,97,4.38,BR,1617619464
296,concepcion,-36.827,-73.0498,59.0,82,90,11.5,CL,1617619464
297,mount isa,-20.7333,139.5,80.6,44,32,6.91,AU,1617619464
298,hamilton,39.1834,-84.5333,52.0,71,20,3.44,US,1617619456
299,saurimo,-9.6608,20.3916,78.8,65,75,6.91,AO,1617619465
300,malinovoye ozero,51.6753,79.7825,48.36,68,87,12.46,RU,1617619465
301,lavrentiya,65.5833,-171.0,-14.53,94,19,5.23,RU,1617619121
302,komsomolskiy,40.4272,71.7189,60.8,41,40,2.3,UZ,1617619465
303,villa carlos paz,-31.4241,-64.4978,64.99,84,89,2.08,AR,1617619466
304,souillac,-20.5167,57.5167,87.8,66,40,16.11,MU,1617619107
305,cozumel,20.5083,-86.9458,69.8,78,1,4.61,MX,1617619466
306,pangkalanbuun,-2.6833,111.6167,78.51,87,95,3.74,ID,1617619467
307,ashland,40.8167,-82.2665,45.0,67,81,6.98,US,1617619467
308,prince rupert,54.3161,-130.3201,41.0,93,90,4.61,CA,1617619467
309,iqaluit,63.7506,-68.5145,12.2,79,75,20.71,CA,1617618912
310,dalby,-27.1833,151.2667,69.01,91,100,1.99,AU,1617619468
311,siilinjarvi,63.0833,27.6667,39.2,81,90,21.85,FI,1617619468
312,barcelona,41.3888,2.159,66.99,42,0,6.91,ES,1617619309
313,thongwa,16.7619,96.5278,77.0,100,90,2.3,MM,1617619469
314,centenario do sul,-22.8211,-51.5953,65.86,75,76,14.74,BR,1617619469
315,sept-iles,50.2001,-66.3821,37.4,93,90,9.22,CA,1617619250
316,halifax,44.6453,-63.5724,41.0,93,100,12.66,CA,1617619428
317,thinadhoo,0.5333,72.9333,83.95,74,50,14.45,MV,1617619469
318,marzuq,14.4,46.4667,89.76,8,2,8.19,YE,1617619470
319,yulara,-25.2406,130.9889,82.4,23,0,5.75,AU,1617618902
320,yavaros,26.7,-109.5167,67.8,51,3,2.06,MX,1617619470
321,sao francisco,-15.9486,-44.8644,74.5,74,93,9.19,BR,1617619471
322,fortuna,40.5982,-124.1573,46.99,100,1,3.44,US,1617619076
323,kavaratti,10.5669,72.642,83.14,68,21,12.82,IN,1617618897
324,pokrovka,42.3414,78.0056,42.33,74,99,4.97,KG,1617619471
325,la rioja,42.25,-2.5,59.0,41,0,9.22,ES,1617619472
326,san patricio,28.017,-97.5169,63.0,100,75,6.26,US,1617619094
327,humberto de campos,-2.5983,-43.4611,80.91,82,72,9.44,BR,1617619472
328,darhan,49.4867,105.9228,47.52,40,4,3.78,MN,1617619472
329,kununurra,-15.7667,128.7333,80.6,69,0,2.3,AU,1617619473
330,pachperwa,27.5167,82.65,100.36,4,1,3.2,IN,1617619473
331,goundam,16.4145,-3.6708,100.24,3,4,7.29,ML,1617619474
332,meadow lake,34.8014,-106.5436,59.0,33,1,8.05,US,1617619474
333,viljoenskroon,-27.2084,26.9485,86.0,32,0,2.8,ZA,1617619474
334,makinsk,52.6292,70.4169,34.41,99,100,13.98,KZ,1617619474
335,augusto correa,-1.0217,-46.635,78.51,93,100,6.24,BR,1617619475
336,eyl,7.9803,49.8164,86.54,57,98,14.67,SO,1617619475
337,knysna,-34.0363,23.0471,64.4,94,90,5.75,ZA,1617619476
338,narsaq,60.9167,-46.05,32.0,93,75,1.14,GL,1617619476
339,ilulissat,69.2167,-51.1,19.4,86,75,9.22,GL,1617619107
340,fujin,47.26,132.0322,52.45,35,82,13.09,CN,1617619476
341,mahon,39.8885,4.2658,62.6,51,20,9.22,ES,1617619477
342,samarai,-10.6167,150.6667,83.05,79,98,7.83,PG,1617619477
343,babstovo,48.1167,132.4833,42.42,78,98,13.58,RU,1617619477
344,tiarei,-17.5333,-149.3333,78.8,83,40,2.3,PF,1617619478
345,praia,14.9215,-23.5087,82.4,30,0,20.71,CV,1617619114
346,mogadishu,2.0371,45.3438,87.8,62,40,9.22,SO,1617619214
347,soyo,-6.1349,12.3689,87.8,70,75,6.91,AO,1617619478
348,maniitsoq,65.4167,-52.9,23.99,88,100,2.06,GL,1617619479
349,menongue,-14.6585,17.691,81.64,37,49,9.44,AO,1617619077
350,ancud,-41.8697,-73.8203,52.0,87,0,13.8,CL,1617619102
351,rathdrum,47.8137,-116.892,36.0,93,75,1.9,US,1617619479
352,jelgava,56.65,23.7128,41.0,70,90,16.11,LV,1617619479
353,sulphur,30.2366,-93.3774,59.0,88,1,3.44,US,1617619480
354,mayo,38.8876,-76.5119,46.99,66,1,3.44,US,1617619480
355,vaitape,-16.5167,-151.75,81.82,75,15,13.87,PF,1617619481
356,jalingo,8.8833,11.3667,105.04,8,9,3.69,NG,1617619481
357,jodhpur,26.2867,73.03,104.47,6,16,19.39,IN,1617619481
358,sovetskiy,61.3614,63.5842,32.5,99,100,4.63,RU,1617619482
359,amahai,-3.3333,128.9167,80.01,81,82,2.48,ID,1617619482
360,velsk,61.0701,42.0983,40.53,79,100,11.97,RU,1617619482
361,adrar,20.5022,-10.0711,86.79,10,6,14.97,MR,1617619483
362,berezovyy,51.6667,135.7,31.15,81,100,3.27,RU,1617619483
363,ondangwa,-17.9167,15.95,86.0,39,0,10.36,NA,1617619483
364,suntar,62.1444,117.6319,4.5,93,100,2.95,RU,1617619484
365,shimoda,34.6667,138.95,55.0,68,98,7.0,JP,1617619484
366,shingu,33.7333,135.9833,55.4,47,20,21.85,JP,1617619485
367,kuchera,26.9839,73.9719,103.46,6,31,18.61,IN,1617619485
368,goryachegorsk,55.4053,88.9154,43.36,86,98,2.28,RU,1617619485
369,ahipara,-35.1667,173.1667,62.38,85,100,5.59,NZ,1617619486
370,mosetse,-20.75,26.65,87.73,25,0,6.64,BW,1617619486
371,mount gambier,-37.8333,140.7667,55.4,82,13,12.66,AU,1617618668
372,port lincoln,-34.7333,135.8667,63.07,79,0,9.51,AU,1617619073
373,waipawa,-41.4122,175.5153,64.99,82,70,10.36,NZ,1617619487
374,ostrovnoy,68.0531,39.5131,34.68,93,100,20.47,RU,1617619069
375,yuzhno-kurilsk,44.0306,145.8556,29.53,77,2,7.02,RU,1617619117
376,santana do matos,-5.9575,-36.6556,82.36,57,68,12.19,BR,1617619487
377,bilibino,68.0546,166.4372,-16.2,95,10,4.88,RU,1617619487
378,belmonte,-15.8631,-38.8828,75.2,88,20,2.3,BR,1617619488
379,manacapuru,-3.2997,-60.6206,73.4,100,0,2.3,BR,1617619488
380,port blair,11.6667,92.75,83.57,68,20,9.93,IN,1617618906
381,tateyama,34.9833,139.8667,54.0,71,75,13.8,JP,1617619489
382,saint-pierre,-21.3393,55.4781,86.0,66,75,9.22,RE,1617619489
383,cherdyn,60.403,56.4787,34.34,96,79,6.15,RU,1617619490
384,karonga,-9.9333,33.9333,81.66,63,47,8.88,MW,1617619490
385,kananga,-5.8958,22.4178,85.8,54,87,5.26,CD,1617619490
386,lashio,22.9333,97.75,74.16,45,100,7.36,MM,1617619491
387,rong kwang,18.339,100.3174,81.0,88,75,5.75,TH,1617619491
388,pogar,52.554,33.2591,46.58,41,48,11.74,RU,1617619491
389,guiratinga,-16.3494,-53.7583,74.25,77,63,2.53,BR,1617619492
390,kota kinabalu,5.9749,116.0724,78.8,89,20,0.74,MY,1617619492
391,kangaatsiaq,68.3065,-53.4641,11.8,82,99,8.08,GL,1617619492
392,sinnamary,5.3833,-52.95,77.11,91,100,11.23,GF,1617619493
393,haverfordwest,51.8017,-4.9691,46.0,71,98,5.99,GB,1617619493
394,the valley,18.217,-63.0578,77.0,73,20,6.91,AI,1617619493
395,hornepayne,49.2138,-84.7705,34.09,93,100,8.41,CA,1617619494
396,bichura,50.5881,107.6022,39.63,61,85,4.09,RU,1617619494
397,agudos,-22.4692,-48.9875,68.0,82,0,11.5,BR,1617619494
398,grandview,38.8858,-94.533,57.99,82,1,10.36,US,1617619200
399,pevek,69.7008,170.3133,-18.22,100,53,2.06,RU,1617619093
400,guerrero negro,27.9769,-114.0611,57.9,91,0,10.92,MX,1617619108
401,san lawrenz,36.0553,14.204,57.99,82,75,13.8,MT,1617619495
402,narasaraopet,16.25,80.0667,99.59,29,23,18.16,IN,1617619496
403,pringsewu,-5.3582,104.9744,76.8,90,100,1.28,ID,1617619496
404,karratha,-20.7377,116.8463,86.4,43,5,7.54,AU,1617619090
405,hofn,64.2539,-15.2082,23.0,42,20,26.46,IS,1617619496
406,adre,13.4667,22.2,95.68,9,3,10.4,TD,1617619497
407,sioux lookout,50.1001,-91.917,33.8,75,40,2.3,CA,1617619497
408,kalasin,16.5,103.5,91.99,95,89,4.7,TH,1617619497
409,greytown,-29.0642,30.5928,76.15,33,0,3.87,ZA,1617619498
410,novyy urgal,51.0736,132.5642,34.07,88,100,5.99,RU,1617619498
411,vila franca do campo,37.7167,-25.4333,62.6,82,40,11.5,PT,1617619091
412,copiapo,-27.3667,-70.3333,57.2,77,0,8.05,CL,1617619498
413,scottsbluff,41.8666,-103.6672,48.99,70,1,4.61,US,1617619423
414,elat,29.5581,34.9482,80.6,28,0,20.71,IL,1617619499
415,sangar,63.9242,127.4739,-7.08,99,99,3.0,RU,1617619499
416,anjozorobe,-18.4,47.8667,80.6,57,75,10.36,MG,1617619500
417,deputatskiy,69.3,139.9,-6.92,99,100,1.36,RU,1617619500
418,canguaretama,-6.38,-35.1289,80.6,83,40,6.91,BR,1617619362
419,maneromango,-7.1988,38.7848,86.0,74,75,12.66,TZ,1617619500
420,ciudad bolivar,8.1222,-63.5497,77.0,83,100,7.16,VE,1617619501
421,sharanga,57.1775,46.5396,37.67,82,91,9.91,RU,1617619501
422,rio gallegos,-51.6226,-69.2181,28.4,93,0,8.05,AR,1617619077
423,loiza,18.4313,-65.8802,75.2,83,20,1.23,PR,1617619502
424,kamaishi,39.2667,141.8833,44.6,61,40,13.8,JP,1617619502
425,aden,12.7794,45.0367,83.66,48,14,9.04,YE,1617619502
426,hobyo,5.3505,48.5268,87.1,58,14,11.41,SO,1617619503
427,goalpara,26.1667,90.6167,95.05,9,0,5.57,IN,1617619503
428,aykhal,66.0,111.5,-5.62,92,7,3.0,RU,1617619504
429,simao,22.7886,100.9748,56.26,96,100,0.2,CN,1617619504
430,sembakung,3.8167,117.25,74.98,96,99,2.39,ID,1617619504
431,cap malheureux,-19.9842,57.6142,84.99,71,12,7.0,MU,1617619505
432,ginir,7.1333,40.7,71.33,55,82,7.27,ET,1617619505
433,boa vista,2.8197,-60.6733,75.2,94,75,8.05,BR,1617619505
434,necochea,-38.5473,-58.7368,55.0,98,0,1.99,AR,1617618910
435,zhaotong,27.3167,103.7167,54.3,67,100,7.99,CN,1617619506
436,pauini,-7.7136,-66.9764,72.18,99,100,1.48,BR,1617619506
437,coahuayana,18.7333,-103.6833,68.18,76,61,3.11,MX,1617619507
438,paramirim,-13.4425,-42.2389,76.12,59,8,7.83,BR,1617619507
439,champerico,14.3,-91.9167,80.4,70,96,3.51,GT,1617619507
440,pisco,-13.7,-76.2167,68.0,83,0,4.61,PE,1617619495
441,birao,10.2849,22.7882,103.66,7,81,11.01,CF,1617619508
442,port augusta,-32.5,137.7667,75.0,64,0,12.66,AU,1617619508
443,mayna,54.1135,47.6231,41.11,70,17,5.73,RU,1617619508
444,hambantota,6.1241,81.1185,89.6,74,20,6.91,LK,1617619087
445,carauari,-4.8828,-66.8958,71.37,99,100,1.21,BR,1617619509
446,turayf,31.6725,38.6637,75.2,20,0,4.61,SA,1617619509
447,litovko,49.2361,135.1742,44.37,46,100,10.69,RU,1617619510
448,butajira,8.1167,38.3667,81.72,23,92,11.77,ET,1617619510
449,apahida,46.8167,23.75,50.0,34,40,8.05,RO,1617619510
450,lakatoro,-16.0999,167.4164,79.9,81,72,13.22,VU,1617619511
451,derzhavinsk,51.1,66.3167,33.89,99,100,16.89,KZ,1617619511
452,rockland,41.1668,-74.0496,46.0,61,2,11.16,US,1617619511
453,svetlogorsk,52.6333,29.7333,47.21,41,54,14.72,BY,1617619512
454,sawtell,-30.3833,153.1,69.8,88,90,1.14,AU,1617619512
455,eureka,40.8021,-124.1637,48.0,91,100,1.52,US,1617619513
456,dawei,14.0833,98.2,76.6,92,100,3.8,MM,1617619513
457,yar-sale,66.8333,70.8333,33.06,100,100,5.12,RU,1617619513
458,ajdabiya,30.7554,20.2263,89.51,5,0,19.95,LY,1617619514
459,dryden,49.7833,-92.7503,33.8,75,1,6.91,CA,1617619514
460,mandalgovi,45.7625,106.2708,46.96,23,9,7.14,MN,1617619515
461,san isidro,-12.1167,-77.05,70.0,83,0,2.3,PE,1617619515
462,gondanglegi,-7.7479,112.0132,78.04,84,100,5.41,ID,1617619515
463,tadine,-21.55,167.8833,75.54,67,35,14.32,NC,1617619516
464,bubaque,11.2833,-15.8333,75.38,72,63,5.73,GW,1617619114
465,balvi,57.1313,27.2658,45.16,65,99,16.2,LV,1617619516
466,whitehorse,60.7161,-135.0538,37.4,44,90,10.36,CA,1617619339
467,askiz,53.1319,90.5264,48.83,64,7,1.77,RU,1617619517
468,parasia,22.2,78.7667,96.87,6,0,8.9,IN,1617619517
469,isla vista,34.4133,-119.861,53.6,82,1,5.75,US,1617619517
470,tonj,7.2737,28.6822,103.86,12,67,8.93,SS,1617619518
471,bilma,18.6853,12.9164,91.92,5,0,2.95,NE,1617619518
472,susanville,40.4163,-120.653,48.2,34,1,14.97,US,1617619401
473,marsabit,2.3284,37.9899,76.41,56,79,14.45,KE,1617619518
474,mersing,2.4312,103.8405,82.4,83,99,3.44,MY,1617619519
475,itanhaem,-24.1831,-46.7889,69.8,94,20,2.3,BR,1617619519
476,leeton,-34.5667,146.4,68.0,68,0,6.24,AU,1617619520
477,staryy saltiv,50.0827,36.7939,50.0,46,40,6.71,UA,1617619520
478,los llanos de aridane,28.6585,-17.9182,66.2,63,75,3.44,ES,1617619520
479,saint anthony,45.0205,-93.218,54.0,43,1,5.75,US,1617619521
480,lima,-12.0432,-77.0282,70.0,83,0,2.3,PE,1617619346
481,el real de santa maria,8.109,-77.7325,74.28,97,100,1.57,PA,1617619521
482,virtsu,58.5716,23.5115,35.01,87,100,21.0,EE,1617619521
483,tonekabon,36.8163,50.8738,64.4,63,20,6.91,IR,1617619522
484,caravelas,-17.7125,-39.2481,78.42,77,55,5.99,BR,1617619522
485,sambava,-14.2667,50.1667,85.14,64,72,8.39,MG,1617619347
486,camocim,-2.9022,-40.8411,79.14,84,47,12.84,BR,1617619523
487,klodzko,50.4349,16.6614,50.0,49,95,5.99,PL,1617619523
488,moose factory,51.2585,-80.6094,17.6,92,1,3.44,CA,1617619523
489,encruzilhada,-15.5314,-40.9094,69.06,87,96,7.29,BR,1617619524
490,nicoya,10.1483,-85.452,74.3,78,44,6.78,CR,1617619524
491,muyinga,-2.8333,30.3333,66.07,82,95,5.66,BI,1617619524
492,mayumba,-3.432,10.6554,82.92,78,100,7.05,GA,1617619525
493,aldan,58.6031,125.3894,5.41,92,100,6.55,RU,1617619525
494,sirvintos,55.05,24.95,50.0,49,0,27.63,LT,1617619525
495,port-gentil,-0.7193,8.7815,86.0,74,40,9.22,GA,1617619526
496,morogoro,-6.8167,37.6667,84.2,70,75,2.04,TZ,1617619526
497,aviles,43.5547,-5.9248,57.99,71,20,5.75,ES,1617619526
498,qaqortoq,60.7167,-46.0333,32.0,93,75,1.14,GL,1617619124
499,dumai,1.6833,101.45,81.45,80,97,4.45,ID,1617619527
500,polovinnoye,54.7914,65.9864,34.5,91,100,16.24,RU,1617619527
501,ardakan,32.31,54.0175,73.4,9,20,6.91,IR,1617619527
502,pimentel,-6.8367,-79.9342,69.01,87,98,4.0,PE,1617619528
503,buala,-8.145,159.5921,80.74,81,99,2.3,SB,1617619528
504,rassvet,46.8333,40.75,40.3,97,100,11.43,RU,1617619528
505,barra,-11.0894,-43.1417,79.38,48,6,8.68,BR,1617619529
506,dali,25.7,100.1833,67.24,27,100,7.85,CN,1617619529
507,zhigansk,66.7697,123.3711,-14.66,99,71,0.92,RU,1617619529
508,quatre cocos,-20.2078,57.7625,87.8,66,40,16.11,MU,1617619530
509,hammerfest,70.6634,23.6821,35.6,87,75,9.22,NO,1617619530
510,gorontalo,0.5412,123.0595,78.64,84,91,5.75,ID,1617619530
511,narrabri,-30.3167,149.7833,71.6,64,100,4.61,AU,1617619531
512,ismailia,30.6043,32.2723,80.6,32,0,11.5,EG,1617619531
513,berdigestyakh,62.0989,126.6992,-9.6,97,97,2.55,RU,1617619531
514,xiongzhou,25.1167,114.3,74.64,64,90,4.9,CN,1617619532
515,pareora,-44.4871,171.2132,57.99,77,100,11.59,NZ,1617619532
516,ukiah,39.1502,-123.2078,44.6,76,75,3.44,US,1617619532
517,manaquiri,-3.3167,-60.35,77.0,100,0,2.3,BR,1617619533
518,santo angelo,-28.2992,-54.2631,67.48,68,99,6.96,BR,1617619275
519,umm lajj,25.0213,37.2685,82.09,44,0,14.56,SA,1617619533
520,saint-francois,46.4154,3.9054,55.99,51,88,4.0,FR,1617619534
521,tuyen quang,21.8233,105.2181,75.52,86,98,2.91,VN,1617619347
522,kefamenanu,-9.4467,124.4781,70.47,94,100,5.1,ID,1617619534
523,te anau,-45.4167,167.7167,46.76,86,63,4.43,NZ,1617619534
524,middelburg,-25.7751,29.4648,81.05,20,0,5.77,ZA,1617619535
525,vardo,70.3705,31.1107,35.6,87,75,16.11,NO,1617619535
526,stornoway,58.2093,-6.3865,36.0,75,40,28.77,GB,1617619535
527,hailar,49.2,119.7,41.32,23,100,13.49,CN,1617619536
528,heilbron,-27.2812,27.9709,80.15,19,0,3.38,ZA,1617619536
529,yuci,37.6803,112.7319,48.2,49,75,6.71,CN,1617619536
530,luderitz,-26.6481,15.1594,83.28,46,5,26.33,NA,1617619537
531,buraydah,26.326,43.975,78.8,22,0,12.66,SA,1617619537
532,tezu,27.9167,96.1667,89.02,14,26,2.33,IN,1617619537
533,gornopravdinsk,60.05,69.9,42.42,81,72,8.32,RU,1617619538
534,nome,64.5011,-165.4064,-5.8,65,1,12.66,US,1617619117
535,tehachapi,35.1322,-118.449,48.99,73,28,3.0,US,1617619260
536,tocopilla,-22.092,-70.1979,67.77,73,29,8.1,CL,1617619110
537,fukuma,33.7667,130.4667,54.0,58,20,9.22,JP,1617619539
538,yokote,39.3,140.5667,44.6,76,20,4.61,JP,1617619539
539,mindelo,16.8901,-24.9804,73.4,73,20,28.77,CV,1617619539
540,fiche,9.8,38.7333,71.73,24,83,8.46,ET,1617619540
541,pandan niog,6.2282,120.5631,82.83,78,98,15.66,PH,1617619540
542,jacareacanga,-6.2222,-57.7528,74.68,93,93,1.48,BR,1617619540
543,sapernoye,60.7167,29.9505,39.0,82,100,17.63,RU,1617619541
544,ibra,22.6906,58.5334,103.06,7,24,11.61,OM,1617619541
545,le port,-20.9373,55.2919,87.8,66,20,12.66,RE,1617619541
546,spirit river,55.7833,-118.8361,35.01,69,91,6.91,CA,1617619391
547,ikungi,-5.1333,34.7667,76.03,55,100,7.34,TZ,1617619542
548,bonthe,7.5264,-12.505,86.7,65,6,7.61,SL,1617619542
549,payakumbuh,-0.2202,100.6308,75.97,85,95,1.66,ID,1617619543
550,tagusao,9.1924,117.8141,81.55,79,82,9.37,PH,1617619543
551,davila,18.4726,120.5763,87.8,58,40,6.91,PH,1617619543
552,warrnambool,-38.3833,142.4833,56.73,77,53,9.04,AU,1617619544
553,pacific grove,36.6177,-121.9166,51.8,76,75,4.61,US,1617619412
554,asfi,32.2994,-9.2372,66.42,65,49,12.3,MA,1617619471
555,dingle,10.9995,122.6711,78.19,73,53,6.58,PH,1617619068
556,oneonta,42.4529,-75.0638,34.0,86,24,8.77,US,1617619544
557,naze,28.3667,129.4833,62.6,72,20,11.5,JP,1617619545
558,ayr,55.4627,-4.6339,39.2,56,20,17.27,GB,1617619545
559,yerbogachen,61.2767,108.0108,9.61,86,90,2.35,RU,1617619545
560,tocache,-8.1842,-76.5125,66.61,97,93,0.85,PE,1617619546
561,jiayuguan,39.8167,98.3,55.08,17,67,16.22,CN,1617619546
562,puksoozero,62.5903,40.6066,37.18,82,100,13.2,RU,1617619546
563,sabang,5.8933,95.3214,83.08,71,96,12.68,ID,1617619547
564,burns lake,54.2331,-125.7533,26.6,80,59,2.3,CA,1617619547
565,zyryanka,65.75,150.85,5.92,94,99,12.82,RU,1617619547
566,vao,-22.6667,167.4833,76.71,63,54,20.02,NC,1617619548
567,mitu,1.1983,-70.1733,70.68,99,100,2.46,CO,1617619548
568,hampton,37.0299,-76.3452,53.6,66,1,4.61,US,1617619409
